model,low_flux_cosine,mid_flux_cosine,high_flux_cosine,band_balance_l1
plain25_g1.0,0.7120849607161841,0.807957209127217,0.851526425257016,0.034437909372024206
plain25_g1.5,0.7223527004032996,0.811851111557865,0.8539039445452834,0.03502515909128893
plain25_g2.0,0.7255395764960275,0.8095287505671767,0.8458799875749204,0.035794500874253864
plain25_g3.0,0.7229842859132327,0.8041173855644712,0.8233791400733557,0.04306745950210289
