model,pred_low_ratio,pred_mid_ratio,pred_high_ratio
plain25_g1.0,0.9104746435261055,0.08375964446576019,0.005765711336363601
plain25_g1.5,0.9052181669736074,0.09031658212975426,0.004465250384255415
plain25_g2.0,0.8968421771425906,0.09906395115414493,0.004093870655113671
plain25_g3.0,0.8802782113427932,0.11538747765936813,0.004334311719496879
