model,device_name,batch_size,num_examples,best_checkpoint_epoch,num_parameters,export_wall_sec_total,model_forward_sec_total,codec_decode_sec_total,total_audio_sec_generated,clips_per_sec,audio_sec_per_sec,rtf_end_to_end,rtf_model_only,export_peak_gpu_mem_allocated_mb,export_peak_gpu_mem_reserved_mb,total_train_wall_sec,total_val_wall_sec,time_to_best_checkpoint_sec,mean_train_steps_per_sec,mean_train_tokens_per_sec,mean_train_audio_seconds_per_sec,peak_gpu_mem_allocated_mb,peak_gpu_mem_reserved_mb
plain25_g1.0,NVIDIA GeForce RTX 3080,16.0,1733.0,148.0,91853384.0,212.24622458103113,144.99099278252106,4.304754701210186,3303.317188208627,8.16504511880435,15.563608703661489,0.06425245063921071,0.04389254331981028,5905.2314453125,6630.0,,,0.0,,,,,
plain25_g1.5,NVIDIA GeForce RTX 3080,16.0,1733.0,148.0,91853384.0,253.81787178502418,194.01337845646776,3.1817003628239036,3303.317188208627,6.827730402955222,13.014517712946683,0.076837269121791,0.05873289405843593,5905.2314453125,6630.0,,,0.0,,,,,
plain25_g2.0,NVIDIA GeForce RTX 3080,16.0,1733.0,148.0,91853384.0,272.85240406380035,211.37272488418967,3.2888044249266386,3303.317188208627,6.351419207560939,12.106608331133565,0.08259951694550013,0.06398801956975136,5905.2314453125,6630.0,,,0.0,,,,,
plain25_g3.0,NVIDIA GeForce RTX 3080,16.0,1733.0,148.0,91853384.0,275.25596044491976,213.63991176802665,3.2950057887937874,3303.317188208627,6.295958122755285,12.00089248882819,0.08332713595517291,0.06467435598695338,5905.2314453125,6630.0,,,0.0,,,,,
