model,num_examples,mel_mae_db,onset_flux_cosine,low_flux_cosine,mid_flux_cosine,high_flux_cosine,band_balance_l1,centroid_mae_hz,rms_mae_db,rms_norm_mae_db,crest_mae_db,fad_inf,fad_inf_sd,fad_inf_ci_low,fad_inf_ci_high,fad_inf_r2,fad_inf_r2_sd,fad_inf_r2_ci_low,fad_inf_r2_ci_high,fad_inf_repeats,fad_model,fad_python,rtf_end_to_end,audio_sec_per_sec,total_train_wall_sec,time_to_best_checkpoint_sec,peak_gpu_mem_allocated_mb
plain25_g1.0,1733,5.66295072197295,0.8494828513780578,0.7120849607161841,0.807957209127217,0.851526425257016,0.034437909372024206,404.4599724850487,6.973215847472376,1.5939751795681776,1.593733474602097,0.0197292643639468,0.0002426238755031008,0.01928475345382874,0.019943024057108943,0.8641334576229458,0.049316150455009464,0.8118223055954386,0.9307429506323281,8,clap-laion-music,python,0.06425245063921071,15.563608703661489,,0.0,
plain25_g1.5,1733,7.146603887918982,0.8540429454860946,0.7223527004032996,0.811851111557865,0.8539039445452834,0.03502515909128893,436.337409171904,6.943500357330401,1.5360402403329634,1.5363286517198411,0.027335350821467604,0.0003124176185190139,0.026842779390924786,0.027811726367040643,0.8267115056253526,0.06631701198846085,0.7134295092722067,0.8930397443032625,8,clap-laion-music,python,0.076837269121791,13.014517712946683,,0.0,
plain25_g2.0,1733,8.755225773292405,0.8483018244879733,0.7255395764960275,0.8095287505671767,0.8458799875749204,0.035794500874253864,455.05826965701834,6.740123073145008,1.5734340101745359,1.5737204513490346,0.04126933411242366,0.00047457398450056836,0.040452849742766264,0.04182375201624896,0.750459065908852,0.12572738691438404,0.5143122865561633,0.8702294172735645,8,clap-laion-music,python,0.08259951694550013,12.106608331133565,,0.0,
plain25_g3.0,1733,11.21635590284736,0.8322031641860836,0.7229842859132327,0.8041173855644712,0.8233791400733557,0.04306745950210289,489.00228210026586,6.362154952100891,1.703878375858686,1.7036547586445778,0.0661081805592622,0.0006690422849247452,0.06489611827887447,0.06679382607429579,0.5099609247760781,0.21147303027038808,0.22006032206662876,0.7786415333284967,8,clap-laion-music,python,0.08332713595517291,12.00089248882819,,0.0,
