model,style,mel_mae_db,onset_flux_cosine,band_balance_l1,num_examples
plain25_g1.0,,5.66295072197295,0.8494828513780578,0.034437909372024206,6932
plain25_g1.5,,7.146603887918982,0.8540429454860946,0.03502515909128893,6932
plain25_g2.0,,8.755225773292405,0.8483018244879733,0.035794500874253864,6932
plain25_g3.0,,11.21635590284736,0.8322031641860836,0.04306745950210289,6932
