{
  "cache_root": "<DRUMTOGRID_ROOT>/cache_4beats_dac44q9_pca72_native_bpmgeom_duration_v1",
  "groups": {
    "cymbal": {
      "f1": 0.23713244998152352,
      "fn": 173,
      "fp": 14278,
      "precision": 0.13592350520455096,
      "pred_count": 16524,
      "recall": 0.9284828441504754,
      "target_count": 2419,
      "tp": 2246
    },
    "hihat": {
      "f1": 0.6825459111599436,
      "fn": 942,
      "fp": 7148,
      "precision": 0.5488797727989903,
      "pred_count": 15845,
      "recall": 0.9022720199190788,
      "target_count": 9639,
      "tp": 8697
    },
    "kick": {
      "f1": 0.3636304972090472,
      "fn": 281,
      "fp": 19442,
      "precision": 0.2247078996690194,
      "pred_count": 25077,
      "recall": 0.9525016903313049,
      "target_count": 5916,
      "tp": 5635
    },
    "snare": {
      "f1": 0.4346767560454022,
      "fn": 1588,
      "fp": 15595,
      "precision": 0.2975541642268366,
      "pred_count": 22201,
      "recall": 0.8061996582865512,
      "target_count": 8194,
      "tp": 6606
    },
    "tom": {
      "f1": 0.13051281072205886,
      "fn": 135,
      "fp": 22636,
      "precision": 0.07019921955226946,
      "pred_count": 24345,
      "recall": 0.9267895878524945,
      "target_count": 1844,
      "tp": 1709
    }
  },
  "hop_length": 256,
  "macro_f1": 0.36969968502359507,
  "macro_groups": [
    "kick",
    "snare",
    "tom",
    "hihat",
    "cymbal"
  ],
  "macro_precision": 0.25545291229033334,
  "macro_recall": 0.9032491601079811,
  "metric_name": "proxy_control_faithfulness_onset_alignment",
  "n_fft": 1024,
  "note": "Heuristic band-flux onset proxy; use the same settings for all systems.",
  "num_examples": 1733,
  "predictions_dir": "<DRUMTOGRID_ROOT>/runs_dac_ce/dac_12steps/seed_sweep/seed_11",
  "refractory_ms": 45.0,
  "split": "test",
  "threshold_quantile": 0.86,
  "threshold_std": 0.45,
  "tolerance_ms": 50.0
}
