model,pred_low_ratio,pred_mid_ratio,pred_high_ratio
dac_native_25steps,0.8820777716178531,0.11231766187471234,0.005604566919059217
