{
  "cache_root": "<DRUMTOGRID_ROOT>/cache_4beats_dac44q9_pca72_native_bpmgeom_duration_v1",
  "groups": {
    "cymbal": {
      "f1": 0.24600193195234518,
      "fn": 127,
      "fp": 13923,
      "precision": 0.14135060129509713,
      "pred_count": 16215,
      "recall": 0.9474989665150889,
      "target_count": 2419,
      "tp": 2292
    },
    "hihat": {
      "f1": 0.6881184200110821,
      "fn": 946,
      "fp": 6934,
      "precision": 0.5562807960581045,
      "pred_count": 15627,
      "recall": 0.901857039111941,
      "target_count": 9639,
      "tp": 8693
    },
    "kick": {
      "f1": 0.3725509630951201,
      "fn": 278,
      "fp": 18713,
      "precision": 0.23153053262699683,
      "pred_count": 24351,
      "recall": 0.9530087897227857,
      "target_count": 5916,
      "tp": 5638
    },
    "snare": {
      "f1": 0.4459119707686635,
      "fn": 1543,
      "fp": 14986,
      "precision": 0.30739011877801914,
      "pred_count": 21637,
      "recall": 0.8116914815718819,
      "target_count": 8194,
      "tp": 6651
    },
    "tom": {
      "f1": 0.13541216667321213,
      "fn": 120,
      "fp": 21895,
      "precision": 0.07299208264532792,
      "pred_count": 23619,
      "recall": 0.9349240780911063,
      "target_count": 1844,
      "tp": 1724
    }
  },
  "hop_length": 256,
  "macro_f1": 0.3775990905000846,
  "macro_groups": [
    "kick",
    "snare",
    "tom",
    "hihat",
    "cymbal"
  ],
  "macro_precision": 0.2619088262807091,
  "macro_recall": 0.9097960710025607,
  "metric_name": "proxy_control_faithfulness_onset_alignment",
  "n_fft": 1024,
  "note": "Heuristic band-flux onset proxy; use the same settings for all systems.",
  "num_examples": 1733,
  "predictions_dir": "<DRUMTOGRID_ROOT>/runs_dac/dac_25steps/seed_sweep/seed_11",
  "refractory_ms": 45.0,
  "split": "test",
  "threshold_quantile": 0.86,
  "threshold_std": 0.45,
  "tolerance_ms": 50.0
}
