model,pred_low_ratio,pred_mid_ratio,pred_high_ratio
dac_native_25steps,0.8820772875751709,0.11231815649190943,0.005604556064321297
