model,num_examples,mel_mae_db,onset_flux_cosine,low_flux_cosine,mid_flux_cosine,high_flux_cosine,band_balance_l1,centroid_mae_hz,rms_mae_db,rms_norm_mae_db,crest_mae_db,fad_inf,fad_inf_sd,fad_inf_ci_low,fad_inf_ci_high,fad_inf_r2,fad_inf_r2_sd,fad_inf_r2_ci_low,fad_inf_r2_ci_high,fad_inf_repeats,fad_model,fad_python,rtf_end_to_end,audio_sec_per_sec,total_train_wall_sec,time_to_best_checkpoint_sec,peak_gpu_mem_allocated_mb
dac_native_25steps,1733,5.643560075099525,0.8479720768647367,0.6962190538363499,0.7893692587984783,0.8542472379118106,0.03590283457188572,408.79603259025527,6.681206901320733,1.5931593830938295,1.5929213452067223,0.019681376412480543,0.00030231838332873945,0.019307384950271265,0.020175783195973632,0.8461483306202893,0.06525660007045722,0.7553741112716771,0.9313980980105646,8,clap-laion-music,python,0.04673959399058071,21.395136641570463,,0.0,
