model,low_flux_cosine,mid_flux_cosine,high_flux_cosine,band_balance_l1
dac_ce25_hybrid,0.7008996452708627,0.771440598419803,0.8391865617526053,0.03433849664847936
dac_ce25_no_cond,0.19385392676214477,0.23996889133675323,0.47386534378090767,0.12438999251129663
direct_hybrid,0.65941257882135,0.8045833459160546,0.7995085601757521,0.16863418143522452
direct_lin_r0,0.5534374827421156,0.6781269110744645,0.7036784922350459,0.22381675618566868
direct_lin_r22,0.6282496407999745,0.7695558399624188,0.7762205392393946,0.20780226208530708
direct_no_cond,0.3020990738106628,0.39129097503930854,0.5657669255159491,0.7807602649624473
