model,pred_low_ratio,pred_mid_ratio,pred_high_ratio
dac_ce25_hybrid,0.8955630547503,0.09870535463986646,0.005731591031245049
dac_ce25_no_cond,0.9032403780217296,0.07762866432786464,0.019130958589386363
direct_hybrid,0.8075720938277284,0.08367637958607022,0.10875152576657084
direct_lin_r0,0.7566552153786895,0.11281160946443908,0.13053317499912212
direct_lin_r22,0.7675680158188511,0.09793785432393644,0.1344941303290853
direct_no_cond,0.13919933219706296,0.22088164636683616,0.6399190181848017
