model,device_name,batch_size,num_examples,best_checkpoint_epoch,num_parameters,export_wall_sec_total,model_forward_sec_total,codec_decode_sec_total,total_audio_sec_generated,clips_per_sec,audio_sec_per_sec,rtf_end_to_end,rtf_model_only,export_peak_gpu_mem_allocated_mb,export_peak_gpu_mem_reserved_mb,total_train_wall_sec,total_val_wall_sec,time_to_best_checkpoint_sec,mean_train_steps_per_sec,mean_train_tokens_per_sec,mean_train_audio_seconds_per_sec,peak_gpu_mem_allocated_mb,peak_gpu_mem_reserved_mb
dac_ce25_hybrid,NVIDIA GeForce RTX 3080,4.0,1733.0,72.0,91853384.0,171.97116925707087,114.1749743152177,4.249424833571538,3303.3636281179242,10.077270553469502,19.208822283343878,0.05205941234966331,0.03456324739528247,1968.169921875,5290.0,,,0.0,,,,,
dac_ce25_no_cond,NVIDIA GeForce RTX 3080,4.0,1733.0,72.0,91853384.0,172.2335516209714,114.38067536754534,4.251315881381743,3303.3636281179242,10.061918735867184,19.179559365921488,0.05213884119657171,0.03462551757667477,1968.169921875,5290.0,,,0.0,,,,,
direct_hybrid,NVIDIA GeForce RTX 3080,,1733.0,14.0,76498504.0,73.87603195104748,19.960098676150665,3.7930662649450824,3303.3636281179242,23.458217154223156,44.71495748860516,0.022363881264000598,0.0060423558902968355,1910.57373046875,5194.0,,,0.0,,,,,
direct_lin_r0,NVIDIA GeForce RTX 3080,,1733.0,18.0,75726878.0,60.06957820500247,4.9167081078048795,4.15252266312018,3303.3636281179242,28.84987795462295,54.99228938888782,0.01818436750156592,0.0014883944552619994,1907.8271484375,4656.0,,,0.0,,,,,
direct_lin_r22,NVIDIA GeForce RTX 3080,,1733.0,15.0,75851750.0,58.68254948197864,5.580932050244883,4.50585406657774,3303.3636281179242,29.531777594840232,56.2920946223099,0.01776448374695363,0.0016894694858115248,1908.3037109375,4658.0,,,0.0,,,,,
direct_no_cond,NVIDIA GeForce RTX 3080,,1733.0,18.0,76498504.0,78.17076073295902,19.363418051972985,4.126238567638211,3303.3636281179242,22.1694145451666,42.25830217263233,0.023663989052726975,0.005861727690876466,1910.57373046875,5194.0,,,0.0,,,,,
