model,style,mel_mae_db,onset_flux_cosine,band_balance_l1,num_examples
dac_ce25_hybrid,,5.661898244273367,0.8361712659863156,0.03433849664847936,10398
dac_ce25_no_cond,,17.091852162796435,0.4544261600296533,0.12438999251129663,10398
direct_hybrid,,13.02501866560208,0.8357759221193923,0.16863418143522452,10398
direct_lin_r0,,13.25893077668742,0.7236561281543831,0.22381675618566868,10398
direct_lin_r22,,13.095262146381305,0.809794182520284,0.20780226208530708,10398
direct_no_cond,,18.0429529645714,0.5668419027025106,0.7807602649624473,10398
